Title,Author,Price
소년이 온다,"한강 · 창비
· 2014.05.19","13,500"
채식주의자,"한강 · 창비
· 2022.03.28","13,500"
작별하지 않는다,"한강 · 문학동네
· 2021.09.09","15,120"
서랍에 저녁을 넣어 두었다,"한강 · 문학과지성사
· 2013.11.15","10,800"
흰,"한강 · 문학동네
· 2018.04.25","13,050"
희랍어 시간,"한강 · 문학동네
· 2011.11.10","11,700"
트렌드 코리아 2025,"김난도 외 · 미래의창
· 2024.10.07","18,000"
디 에센셜: 한강(무선 보급판),"한강 · 문학동네
· 2023.06.01","15,300"
넥서스,"유발 하라리 · 김영사
· 2024.10.11","25,020"
모순,"양귀자 · 쓰다
· 2013.04.01","11,700"
시대예보: 호명사회,"송길영 · 교보문고
· 2024.09.25","19,800"
여수의 사랑,"한강 · 문학과지성사
· 2018.11.09","14,400"
고전이 답했다 마땅히 살아야 할 삶에 대하여(나만의 책 만들기 에디션),"고명환 · 라곰
· 2024.08.26","15,120"
흔한남매 17,"흔한남매 · 미래엔아이세움
· 2024.09.11","14,220"
급류,"정대건 · 민음사
· 2022.12.22","12,600"
작은 땅의 야수들(리커버 무선판),"김주혜 · 다산책방
· 2023.06.19","16,200"
생각의 연금술,"제임스 알렌 외 · 포레스트북스
· 2024.09.25","17,820"
빛이 이끄는 곳으로,"백희성 · 북로망스
· 2024.08.21","16,920"
바람이 분다 가라,"한강 · 문학과지성사
· 2010.02.26","12,600"
대도시의 사랑법,"박상영 · 창비
· 2019.06.28","13,500"
